,Current,Contribution,Time Start,Time End
0,I_Na,0.9472214438576056,510.0,520.0
1,I_NaL,0.41561549344144344,550.0,560.0
2,I_to,0.18790900493994425,600.0,610.0
3,I_CaL,0.20200565001848544,600.0,610.0
4,I_Kr,0.010069882920257097,600.0,610.0
5,I_Ks,0.0003082078220772792,600.0,610.0
6,I_K1,0.9983233282217061,495.0,505.0
