,Current,Contribution,Time Start,Time End
0,I_Na,0.8156157218895479,345.0,355.0
1,I_NaL,0.4192572512928097,385.0,395.0
2,I_to,0.22672301869175526,625.0,635.0
3,I_CaL,0.9445236515040831,640.0,650.0
4,I_Kr,0.04486542776825356,1285.0,1295.0
5,I_Ks,0.009123152743021824,730.0,740.0
6,I_K1,0.9905332665611809,340.0,350.0
